Name,Screen Name,Constituency,Party,Followers
Adam Afriyie,AdamAfriyie,Windsor,Conservative,"13,520"
Alan Duncan,AlanDuncanMP,Rutland and Melton,Conservative,"23,984"
Alan Mak,AlanMakMP,Havant,Conservative,"7,844"
Alberto Costa,AlbertoCostaMP,South Leicestershire,Conservative,"8,358"
Alec Shelbrooke,AlecShelbrooke,Elmet and Rothwell,Conservative,"14,473"
Alex Burghart,alexburghart,Brentwood and Ongar,Conservative,"2,986"
Alex Chalk,AlexChalkChelt,Cheltenham,Conservative,"7,370"
Alistair Burt,AlistairBurtUK,North East Bedfordshire,Conservative,"25,235"
Alok Sharma,AlokSharma_RDG,Reading West,Conservative,"12,162"
Alun Cairns,AlunCairns,Vale of Glamorgan,Conservative,"12,929"
Amanda Milling,amandamilling,Cannock Chase,Conservative,"7,311"
Amber Rudd,AmberRuddHR,Hastings and Rye,Conservative,"95,022"
Andrea Jenkyns,andreajenkyns,Morley and Outwood,Conservative,"45,593"
Andrea Leadsom,andrealeadsom,South Northamptonshire,Conservative,"97,465"
Andrew Bowie,AndrewBowieMP,West Aberdeenshire and Kincardine,Conservative,"5,193"
Andrew Bridgen,ABridgen,North West Leicestershire,Conservative,"24,305"
Andrew Jones,AJonesMP,Harrogate and Knaresborough,Conservative,"14,106"
Andrew Lewer,ALewerMBE,Northampton South,Conservative,"3,745"
Andrew Rosindell,AndrewRosindell,Romford,Conservative,"14,950"
Andrew Selous,AndrewSelous,South West Bedfordshire,Conservative,"17,552"
Andrew Stephenson,Andrew4Pendle,Pendle,Conservative,"20,277"
Anne Marie Morris,AnneMarieMorris,Newton Abbot,Conservative,"17,986"
Anne Milton,AnneMilton,Guildford,Conservative,"15,029"
Anne-Marie Trevelyan,annietrev,Berwick-upon-Tweed,Conservative,"12,442"
Antoinette Sandbach,Sandbach,Eddisbury,Conservative,"12,387"
Ben Bradley,bbradleymp,Mansfield,Conservative,"11,992"
Ben Wallace,BWallaceMP,Wyre and Preston North,Conservative,"6,061"
Bernard Jenkin,bernardjenkin,Harwich and North Essex,Conservative,"28,992"
Bim Afolami,BimAfolami,Hitchin and Harpenden,Conservative,"7,464"
Bob Blackman,BobBlackman,Harrow East,Conservative,"11,765"
Bob Seely,IoWBobSeely,Isle of Wight,Conservative,"5,981"
Boris Johnson,BorisJohnson,Uxbridge and South Ruislip,Conservative,"613,070"
Brandon Lewis,BrandonLewis,Great Yarmouth,Conservative,"46,222"
Caroline Dinenage,cj_dinenage,Gosport,Conservative,"17,212"
Caroline Nokes,carolinenokes,Romsey and Southampton North,Conservative,"13,812"
Caroline Spelman,spelmanc,Meriden,Conservative,"8,542"
Charlie Elphicke,CharlieElphicke,Dover,Conservative,"17,007"
Cheryl Gillan,CherylGillan,Chesham and Amersham,Conservative,"12,529"
Chloe Smith,NorwichChloe,Norwich North,Conservative,"16,661"
Chris Green,CGreenUK,Bolton West,Conservative,"6,998"
Chris Heaton-Harris,chhcalling,Daventry,Conservative,"17,988"
Chris Philp,CPhilpOfficial,Croydon South,Conservative,"7,540"
Chris Skidmore,CSkidmoreUK,Kingswood,Conservative,"17,654"
Christopher Pincher,ChrisPincher,Tamworth,Conservative,"13,412"
Claire Perry,claireperrymp,Devizes,Conservative,"8,351"
Colin Clark,Colin_J_Clark,Gordon,Conservative,"2,328"
Conor Burns,ConorBurnsUK,Bournemouth West,Conservative,"18,781"
Craig Mackinlay,cmackinlay,South Thanet,Conservative,"8,242"
Craig Tracey,craig4nwarks,North Warwickshire,Conservative,"6,406"
Craig Whittaker,CWhittakerMP,Calder Valley,Conservative,"7,698"
Crispin Blunt,CrispinBlunt,Reigate,Conservative,"10,190"
Damian Collins,DamianCollins,Folkestone and Hythe,Conservative,"27,456"
Damian Green,DamianGreen,Ashford,Conservative,"16,931"
Damian Hinds,DamianHinds,East Hampshire,Conservative,"34,797"
Damien Moore,damienmooremp,Southport,Conservative,"2,133"
Daniel Kawczynski,DKShrewsbury,Shrewsbury and Atcham,Conservative,"17,423"
David Amess,amessd_southend,Southend West,Conservative,"1,995"
David Davis,daviddavismp,Haltemprice and Howden,Conservative,"126,637"
David Duguid,DavidDuguidMP,Banff and Buchan,Conservative,"1,078"
David Evennett,DavidEvennett,Bexleyheath and Crayford,Conservative,"12,257"
David Gauke,DavidGauke,South West Hertfordshire,Conservative,"22,842"
David Jones,DavidJonesMP,Clwyd West,Conservative,"11,014"
David Lidington,DLidington,Aylesbury,Conservative,"25,791"
David Morris,davidmorrisml,Morecambe and Lunesdale,Conservative,"11,825"
David Mundell,DavidMundellDCT,"Dumfriesshire, Clydesdale and Tweeddale",Conservative,"15,120"
David Rutley,DavidRutley,Macclesfield,Conservative,"11,920"
David T. C. Davies,DavidTCDavies,Monmouth,Conservative,"15,255"
David Warburton,DJWarburton,Somerton and Frome,Conservative,"11,456"
Derek Thomas,DerekThomasUK,St Ives,Conservative,"3,373"
Desmond Swayne,DesmondSwayne,New Forest West,Conservative,"5,208"
Dominic Raab,DominicRaab,Esher and Walton,Conservative,"58,582"
Douglas Ross,Douglas4Moray,Moray,Conservative,"7,893"
Dr Andrew Murrison,AWMurrison,South West Wiltshire,Conservative,"12,699"
Dr Caroline Johnson,drcarolinej,Sleaford and North Hykeham,Conservative,"3,807"
Dr Liam Fox,LiamFox,North Somerset,Conservative,"85,697"
Dr Phillip Lee,DrPhillipLeeMP,Bracknell,Conservative,"28,805"
Dr Thérèse Coffey,theresecoffey,Suffolk Coastal,Conservative,"18,248"
Eddie Hughes,EddieHughes4WN,Walsall North,Conservative,"5,022"
Edward Leigh,EdwardLeighMP,Gainsborough,Conservative,"6,691"
Edward Vaizey,edvaizey,Wantage,Conservative,"40,050"
Eleanor Laing,eleanor4epping,Epping Forest,Conservative,"2,119"
Elizabeth Truss,trussliz,South West Norfolk,Conservative,"59,338"
Esther McVey,EstherMcVey1,Tatton,Conservative,"40,372"
Gary Streeter,garystreeterSWD,South West Devon,Conservative,"3,042"
Gavin Williamson,GavinWilliamson,South Staffordshire,Conservative,"45,336"
Geoffrey Cox QC,geoffrey_cox,Torridge and West Devon,Conservative,"29,819"
George Freeman,GeorgeFreemanMP,Mid Norfolk,Conservative,"25,136"
George Hollingbery,GHollingbery,Meon Valley,Conservative,"1,111"
Giles Watling,GilesWatling,Clacton,Conservative,"2,736"
Gillian Keegan,GillianKeegan,Chichester,Conservative,"6,063"
Glyn Davies,GlynDavies,Montgomeryshire,Conservative,"6,471"
Graham Stuart,grahamstuart,Beverley and Holderness,Conservative,"13,726"
Grant Shapps,grantshapps,Welwyn Hatfield,Conservative,"84,621"
Greg Clark,GregClarkMP,Tunbridge Wells,Conservative,"28,961"
Greg Hands,GregHands,Chelsea and Fulham,Conservative,"28,616"
Greg Knight,GregKnight,East Yorkshire,Conservative,"8,392"
Guto Bebb,GutoAberconwy,Aberconwy,Conservative,"2,377"
Guy Opperman,GuyOpperman,Hexham,Conservative,"14,124"
Harriett Baldwin,hbaldwin,West Worcestershire,Conservative,"26,352"
Heather Wheeler,HeatherWheeler,South Derbyshire,Conservative,"16,066"
Helen Grant,HelenGrantMP,Maidstone and The Weald,Conservative,"15,970"
Helen Whately,Helen_Whately,Faversham and Mid Kent,Conservative,"8,874"
Henry Smith,HenrySmithUK,Crawley,Conservative,"13,123"
Hugo Swire,HugoSwire,East Devon,Conservative,"17,424"
Huw Merriman,HuwMerriman,Bexhill and Battle,Conservative,"8,420"
Iain Stewart,iainastewart,Milton Keynes South,Conservative,"15,221"
Jack Lopresti,JackLopresti,Filton and Bradley Stoke,Conservative,"6,359"
Jackie Doyle-Price,JackieDP,Thurrock,Conservative,"8,148"
Jacob Rees-Mogg,Jacob_Rees_Mogg,North East Somerset,Conservative,"290,140"
Jake Berry,JakeBerry,Rossendale and Darwen,Conservative,"16,228"
James Brokenshire,JBrokenshire,Old Bexley and Sidcup,Conservative,"27,229"
James Cartlidge,jc4southsuffolk,South Suffolk,Conservative,"7,328"
James Cleverly,JamesCleverly,Braintree,Conservative,"49,584"
James Duddridge,JamesDuddridge,Rochford and Southend East,Conservative,"15,209"
James Gray,JGray,North Wiltshire,Conservative,"15,888"
James Heappey,JSHeappey,Wells,Conservative,"8,770"
James Morris,JamesMorris,Halesowen and Rowley Regis,Conservative,"7,284"
Jeremy Hunt,Jeremy_Hunt,South West Surrey,Conservative,"182,320"
Jeremy Lefroy,JeremyLefroy,Stafford,Conservative,"11,403"
Jeremy Wright,DCMS_SecOfState,Kenilworth and Southam,Conservative,"4,866"
Jesse Norman,Jesse_Norman,Hereford and South Herefordshire,Conservative,"24,803"
Jo Churchill,Jochurchill4,Bury St Edmunds,Conservative,"7,650"
John Glen,JohnGlenUK,Salisbury,Conservative,"20,253"
John Howell,JHowellUK,Henley,Conservative,"5,188"
John Lamont,John2Win,"Berwickshire, Roxburgh and Selkirk",Conservative,"7,957"
John Penrose,johnpenrosenews,Weston-super-Mare,Conservative,"38,151"
John Redwood,johnredwood,Wokingham,Conservative,"62,853"
John Stevenson,JohnStevensonMP,Carlisle,Conservative,"10,959"
John Whittingdale,JWhittingdale,Maldon,Conservative,"7,571"
Johnny Mercer,JohnnyMercerUK,"Plymouth, Moor View",Conservative,"64,047"
Jonathan Djanogly,JDjanogly,Huntingdon,Conservative,"17,053"
Jonathan Lord,JonathanLord,Woking,Conservative,"1,183"
Joseph Johnson,JoJohnsonUK,Orpington,Conservative,"34,352"
Julia Lopez,JuliaLopezMP,Hornchurch and Upminster,Conservative,"4,090"
Julian Knight,julianknight15,Solihull,Conservative,"7,104"
Julian Smith,JulianSmithUK,Skipton and Ripon,Conservative,"18,691"
Justin Tomlinson,JustinTomlinson,North Swindon,Conservative,"17,894"
Justine Greening,JustineGreening,Putney,Conservative,"72,798"
Keith Simpson,KeithSimpsonMP,Broadland,Conservative,0
Kelly Tolhurst,KellyTolhurst,Rochester and Strood,Conservative,"11,832"
Kemi Badenoch,KemiBadenoch,Saffron Walden,Conservative,"11,508"
Kevin Foster,kevin_j_foster,Torbay,Conservative,"5,529"
Kevin Hollinrake,kevinhollinrake,Thirsk and Malton,Conservative,"8,237"
Kirstene Hair,Kirstene4Angus,Angus,Conservative,"6,813"
Kit Malthouse,kitmalthouse,North West Hampshire,Conservative,"11,568"
Kwasi Kwarteng,KwasiKwarteng,Spelthorne,Conservative,"7,908"
Laurence Robertson,lrobertsonTewks,Tewkesbury,Conservative,"2,810"
Lee Benjamin Rowley,Lee4NED,North East Derbyshire,Conservative,"7,138"
Leo Docherty,LeoDochertyUK,Aldershot,Conservative,"3,962"
Lucy Allan,lucyallan,Telford,Conservative,"19,299"
Lucy Frazer,lucyfrazermp,South East Cambridgeshire,Conservative,"4,882"
Luke Graham,LukeGrahamMP,Ochil and South Perthshire,Conservative,"5,596"
Luke Hall,LukeHall,Thornbury and Yate,Conservative,"2,174"
Maggie Throup,maggie_erewash,Erewash,Conservative,355
Marcus Fysh,MarcusFysh,Yeovil,Conservative,"11,743"
Marcus Jones,Marcus4Nuneaton,Nuneaton,Conservative,"7,968"
Margot James,margot_james_mp,Stourbridge,Conservative,"23,062"
Maria Caulfield,mariacaulfield,Lewes,Conservative,"16,185"
Maria Miller,MariaMillerUK,Basingstoke,Conservative,"19,591"
Mark Field,MarkFieldUK,Cities of London and Westminster,Conservative,"20,213"
Mark Garnier,Mark4WyreForest,Wyre Forest,Conservative,"13,336"
Mark Harper,Mark_J_Harper,Forest of Dean,Conservative,"11,977"
Mark Lancaster,MarkLancasterMK,Milton Keynes North,Conservative,"11,754"
Mark Pawsey,MarkPawsey,Rugby,Conservative,"5,769"
Mark Prisk,PriskMark,Hertford and Stortford,Conservative,"6,234"
Mark Pritchard,MPritchardUK,The Wrekin,Conservative,"10,034"
Mark Spencer,Mark_Spencer,Sherwood,Conservative,"13,304"
Martin Vickers,MartinVickers,Cleethorpes,Conservative,"10,424"
Mary Robinson,MaryRobinson01,Cheadle,Conservative,"7,061"
Matt Warman,mattwarman,Boston and Skegness,Conservative,"17,046"
Matthew Hancock,MattHancock,West Suffolk,Conservative,"86,140"
Matthew Offord,Offord4Hendon,Hendon,Conservative,"8,146"
Mel Stride,MelJStride,Central Devon,Conservative,"3,680"
Michael Ellis,Michael_Ellis1,Northampton North,Conservative,"11,894"
Michael Fabricant,Mike_Fabricant,Lichfield,Conservative,"33,984"
Michael Gove,michaelgove,Surrey Heath,Conservative,"107,150"
Michael Tomlinson,Michael4MDNP,Mid Dorset and North Poole,Conservative,"8,076"
Michelle Donelan,michelledonelan,Chippenham,Conservative,"9,575"
Mike Wood,mikejwood,Dudley South,Conservative,"4,776"
Mims Davies,mimsdavies,Eastleigh,Conservative,"11,574"
Nadhim Zahawi,nadhimzahawi,Stratford-on-Avon,Conservative,"28,410"
Nadine Dorries,NadineDorries,Mid Bedfordshire,Conservative,"54,878"
Neil O'Brien,NeilDotObrien,Harborough,Conservative,"8,476"
Neil Parish,neil_parish,Tiverton and Honiton,Conservative,"4,309"
Nicholas Soames,NSoames,Mid Sussex,Conservative,"57,169"
Nick Boles,NickBoles,Grantham and Stamford,Conservative,"49,089"
Nick Gibb,NickGibbUK,Bognor Regis and Littlehampton,Conservative,"14,375"
Nick Herbert,nickherbertmp,Arundel and South Downs,Conservative,"15,791"
Nick Hurd,NickHurdUK,"Ruislip, Northwood and Pinner",Conservative,"20,318"
Nicky Morgan,NickyMorgan01,Loughborough,Conservative,"69,913"
Nigel Adams,nadams,Selby and Ainsty,Conservative,"4,236"
Nigel Evans,nigelmp,Ribble Valley,Conservative,"9,685"
Nigel Huddleston,HuddlestonNigel,Mid Worcestershire,Conservative,"9,218"
Nigel Mills,nigelmills,Amber Valley,Conservative,"3,776"
Nusrat Ghani,Nus_Ghani,Wealden,Conservative,"14,154"
Oliver Heald QC,OliverHealdUK,North East Hertfordshire,Conservative,"9,558"
Oliver Letwin,oletwinofficial,West Dorset,Conservative,"10,450"
Owen Paterson,OwenPaterson,North Shropshire,Conservative,"31,916"
Patrick McLoughlin,Patrick4Dales,Derbyshire Dales,Conservative,"5,632"
Paul Masterton,PM4EastRen,East Renfrewshire,Conservative,"7,681"
Paul Maynard,PaulMaynardUK,Blackpool North and Cleveleys,Conservative,"17,922"
Paul Scully,scullyp,Sutton and Cheam,Conservative,"9,119"
Pauline Latham,Pauline_Latham,Mid Derbyshire,Conservative,"16,551"
Penny Mordaunt,PennyMordaunt,Portsmouth North,Conservative,"62,470"
Peter Aldous,peter_aldous,Waveney,Conservative,"8,930"
Peter Bone,PeterBoneUK,Wellingborough,Conservative,"28,245"
Peter Heaton-Jones,PeterNorthDevon,North Devon,Conservative,"4,673"
Philip Davies,PhilipDaviesUK,Shipley,Conservative,"19,651"
Philip Dunne,Dunne4Ludlow,Ludlow,Conservative,"8,494"
Philip Hammond,PhilipHammondUK,Runnymede and Weybridge,Conservative,"101,967"
Priti Patel,patel4witham,Witham,Conservative,"64,052"
Rachel Maclean,redditchrachel,Redditch,Conservative,"5,645"
Ranil Jayawardena,TeamRanil,North East Hampshire,Conservative,"1,197"
Rebecca Harris,RebeccaHarrisMP,Castle Point,Conservative,"5,530"
Rebecca Pow,pow_rebecca,Taunton Deane,Conservative,"9,414"
Rehman Chishti,Rehman_Chishti,Gillingham and Rainham,Conservative,"15,506"
Richard Bacon,richardbaconmp,South Norfolk,Conservative,967
Richard Benyon,RichardBenyonMP,Newbury,Conservative,"16,526"
Richard Graham,RichardGrahamUK,Gloucester,Conservative,"9,821"
Richard Harrington,Richard4Watford,Watford,Conservative,"14,987"
Robert Buckland,RobertBuckland,South Swindon,Conservative,"18,368"
Robert Courts,robertcourts,Witney,Conservative,"6,388"
Robert Halfon,halfon4harlowMP,Harlow,Conservative,"29,779"
Robert Jenrick,RobertJenrick,Newark,Conservative,"12,281"
Robert Neill,neill_bob,Bromley and Chislehurst,Conservative,"12,365"
Robert Syms,RobertSyms,Poole,Conservative,"6,959"
Robin Walker,WalkerWorcester,Worcester,Conservative,"12,476"
Roger Gale,SirRogerGaleMP,North Thanet,Conservative,784
Rory Stewart,RoryStewartUK,Penrith and The Border,Conservative,"190,049"
Ross Thomson,RossThomson_MP,Aberdeen South,Conservative,"13,020"
Royston Smith,Royston_Smith,"Southampton, Itchen",Conservative,"5,428"
Sajid Javid,sajidjavid,Bromsgrove,Conservative,"125,926"
Sam Gyimah,SamGyimah,East Surrey,Conservative,"39,855"
Sarah Newton,SNewtonUK,Truro and Falmouth,Conservative,"7,552"
Scott Mann,scottmann4NC,North Cornwall,Conservative,"6,711"
Seema Kennedy,SeemaKennedy,South Ribble,Conservative,"9,033"
Shailesh Vara,ShaileshVara,North West Cambridgeshire,Conservative,"2,959"
Sheryll Murray,sheryllmurray,South East Cornwall,Conservative,"16,405"
Simon Clarke,SimonClarkeMP,Middlesbrough South and East Cleveland,Conservative,"7,702"
Simon Hart,Simonhartmp,Carmarthen West and South Pembrokeshire,Conservative,"6,620"
Simon Hoare,Simon4NDorset,North Dorset,Conservative,"8,875"
Stephen Barclay,SteveBarclay,North East Cambridgeshire,Conservative,"18,462"
Stephen Crabb,SCrabbPembs,Preseli Pembrokeshire,Conservative,"22,840"
Stephen Hammond,S_Hammond,Wimbledon,Conservative,"15,970"
Stephen Kerr,stephenkerrMP,Stirling,Conservative,"5,354"
Stephen McPartland,SMcPartland,Stevenage,Conservative,"8,209"
Stephen Metcalfe,Metcalfe_SBET,South Basildon and East Thurrock,Conservative,"5,439"
Steve Brine,BrineMinister,Winchester,Conservative,"4,016"
Steve Double,stevedouble,St Austell and Newquay,Conservative,"9,431"
Steven Baker,SteveBakerHW,Wycombe,Conservative,"57,190"
Stuart Andrew,StuartAndrew,Pudsey,Conservative,"17,606"
Suella Fernandes,SuellaBraverman,Fareham,Conservative,"18,920"
Theresa May,theresa_may,Maidenhead,Conservative,"863,410"
Tim Loughton,timloughton,East Worthing and Shoreham,Conservative,"17,437"
Tobias Ellwood,Tobias_Ellwood,Bournemouth East,Conservative,"45,447"
Tom Pursglove,VotePursglove,Corby,Conservative,"11,006"
Tom Tugendhat,TomTugendhat,Tonbridge and Malling,Conservative,"23,973"
Tracey Crouch,tracey_crouch,Chatham and Aylesford,Conservative,"32,724"
Vicky Ford,vickyford,Chelmsford,Conservative,"12,943"
Victoria Prentis,VictoriaPrentis,Banbury,Conservative,"8,089"
Wendy Morton,morton_wendy,Aldridge-Brownhills,Conservative,"7,172"
Will Quince,willquince,Colchester,Conservative,"13,101"
William Cash,BillCashMP,Stone,Conservative,"17,851"
William Wragg,William_Wragg,Hazel Grove,Conservative,"8,227"
Zac Goldsmith,ZacGoldsmith,Richmond Park,Conservative,"79,710"
David Simpson,DavidSimpsonDUP,Upper Bann,Democratic Unionist Party,"3,657"
Emma Little-Pengelly,little_pengelly,Belfast South,Democratic Unionist Party,"12,436"
Gavin Robinson,GRobinsonDUP,Belfast East,Democratic Unionist Party,"11,810"
Jeffrey M. Donaldson,J_Donaldson_MP,Lagan Valley,Democratic Unionist Party,"16,739"
Jim Shannon,JimShannonMP,Strangford,Democratic Unionist Party,"2,138"
Nigel Dodds,NigelDoddsDUP,Belfast North,Democratic Unionist Party,"23,500"
Paul Girvan,PaulGirvanMP,South Antrim,Democratic Unionist Party,"4,913"
Sammy Wilson,eastantrimmp,East Antrim,Democratic Unionist Party,"12,881"
Caroline Lucas,CarolineLucas,"Brighton, Pavilion",Green Party,"394,422"
Angela Smith,angelasmithmp,Penistone and Stocksbridge,Independent,"32,432"
Gavin Shuker,gavinshuker,Luton South,Independent,"20,345"
Heidi Allen,heidiallen75,South Cambridgeshire,Independent,"78,027"
Jared Cain O'Mara,jaredomaramp,"Sheffield, Hallam",Independent,573
Luciana Berger,lucianaberger,"Liverpool, Wavertree",Independent,"112,719"
Sarah Wollaston,sarahwollaston,Totnes,Independent,"82,738"
Adrian Bailey,AdrianBaileyMP,West Bromwich West,Labour,"3,223"
Afzal Khan,Afzal4Gorton,"Manchester, Gorton",Labour,"19,693"
Alan Campbell,alancampbellmp,Tynemouth,Labour,"4,151"
Albert Owen,AlbertOwenMP,Ynys Môn,Labour,"6,959"
Alex Cunningham,ACunninghamMP,Stockton North,Labour,"18,574"
Alex Norris,ANorrisMP,Nottingham North,Labour,"4,452"
Alex Sobel,alexsobel,Leeds North West,Labour,"13,645"
Alison McGovern,Alison_McGovern,Wirral South,Labour,"45,382"
Andrew Gwynne,GwynneMP,Denton and Reddish,Labour,"41,667"
Andy McDonald,AndyMcDonaldMP,Middlesbrough,Labour,"29,205"
Andy Slaughter,hammersmithandy,Hammersmith,Labour,"23,998"
Angela Eagle,angelaeagle,Wallasey,Labour,"71,831"
Angela Rayner,AngelaRayner,Ashton-under-Lyne,Labour,"119,084"
Ann Clwyd,AnnClwyd,Cynon Valley,Labour,"7,705"
Anna McMorrin,annamcmorrin,Cardiff North,Labour,"10,466"
Anna Turley,annaturley,Redcar,Labour,"25,723"
Anneliese Dodds,AnnelieseDodds,Oxford East,Labour,"11,457"
Bambos Charalambous,BambosMP,"Enfield, Southgate",Labour,"6,895"
Barbara Keeley,KeeleyMP,Worsley and Eccles South,Labour,"23,540"
Barry Gardiner,BarryGardiner,Brent North,Labour,"71,203"
Barry Sheerman,BarrySheerman,Huddersfield,Labour,"14,101"
Ben Bradshaw,BenPBradshaw,Exeter,Labour,"61,097"
Bill Esterson,Bill_Esterson,Sefton Central,Labour,"18,849"
Bridget Phillipson,bphillipsonMP,Houghton and Sunderland South,Labour,"26,164"
Caroline Flint,CarolineFlintMP,Don Valley,Labour,"70,625"
Carolyn Harris,carolynharris24,Swansea East,Labour,"16,262"
Cat Smith,CatSmithMP,Lancaster and Fleetwood,Labour,"35,537"
Catherine McKinnell,CatMcKinnell,Newcastle upon Tyne North,Labour,"23,634"
Catherine West,CatherineWest1,Hornsey and Wood Green,Labour,"24,139"
Chi Onwurah,ChiOnwurah,Newcastle upon Tyne Central,Labour,"33,908"
Chris Bryant,RhonddaBryant,Rhondda,Labour,"59,455"
Chris Elmore,CPJElmore,Ogmore,Labour,"7,520"
Chris Ruane,Chris_RuaneMP,Vale of Clwyd,Labour,"4,590"
Chris Williamson,DerbyChrisW,Derby North,Labour,"54,253"
Christian Matheson,ChrisM4Chester,City of Chester,Labour,"10,042"
Christina Rees,Rees4Neath,Neath,Labour,"9,065"
Christopher Evans,ChrisEvansMP,Islwyn,Labour,"5,141"
Clive Efford,CliveEfford,Eltham,Labour,"12,300"
Clive Lewis,labourlewis,Norwich South,Labour,"76,001"
Conor McGinn,ConorMcGinn,St Helens North,Labour,"13,746"
Dan Carden,DanCardenMP,"Liverpool, Walton",Labour,"19,467"
Dan Jarvis,DanJarvisMP,Barnsley Central,Labour,"64,443"
Daniel Zeichner,DanielZeichner,Cambridge,Labour,"18,723"
Danielle Rowley,DaniRowley,Midlothian,Labour,"9,860"
Darren Jones,darrenpjones,Bristol North West,Labour,"17,990"
David Crausby,DavidCrausby,Bolton North East,Labour,"5,464"
David Drew,DavidEDrew,Stroud,Labour,"6,719"
David Hanson,DavidHansonMP,Delyn,Labour,"18,339"
David Lammy,DavidLammy,Tottenham,Labour,"520,835"
Dawn Butler,DawnButlerBrent,Brent Central,Labour,"55,083"
Debbie Abrahams,Debbie_abrahams,Oldham East and Saddleworth,Labour,"38,845"
Derek Twigg,DerekTwiggMP,Halton,Labour,"5,163"
Diana Johnson,DianaJohnsonMP,Kingston upon Hull North,Labour,"23,906"
Diane Abbott,HackneyAbbott,Hackney North and Stoke Newington,Labour,"265,988"
Dr Alan Whitehead,alanwhiteheadmp,"Southampton, Test",Labour,"6,801"
Dr Roberta Blackman-Woods,robertabwMP,City of Durham,Labour,"21,416"
Dr Rosena Allin-Khan,DrRosena,Tooting,Labour,"41,391"
Dr Rupa Huq,RupaHuq,Ealing Central and Acton,Labour,"37,215"
Edward Miliband,Ed_Miliband,Doncaster North,Labour,"758,407"
Eleanor Smith,Eleanor_SmithMP,Wolverhampton South West,Labour,"7,055"
Ellie Reeves,elliereeves,Lewisham West and Penge,Labour,"14,331"
Emily Thornberry,EmilyThornberry,Islington South and Finsbury,Labour,"153,911"
Emma Dent Coad,emmadentcoad,Kensington,Labour,"14,591"
Emma Hardy,EmmaHardyMP,Kingston upon Hull West and Hessle,Labour,"17,503"
Emma Lewell-Buck,EmmaLewellBuck,South Shields,Labour,"19,027"
Emma Reynolds,EmmaReynoldsMP,Wolverhampton North East,Labour,"22,899"
Fabian Hamilton,FabianLeedsNE,Leeds North East,Labour,"3,883"
Faisal Rashid,FaisalRashid6,Warrington South,Labour,"4,092"
Frank Field,frankfieldteam,Birkenhead,Labour,"26,172"
Gareth Snell,gareth_snell,Stoke-on-Trent Central,Labour,"6,911"
Gareth Thomas,GarethThomasMP,Harrow West,Labour,"13,512"
Geoffrey Robinson,Geoffrey4CovNW,Coventry North West,Labour,"1,323"
Geraint Davies,GeraintDaviesMP,Swansea West,Labour,"13,628"
Gerald Jones,GeraldJonesLAB,Merthyr Tydfil and Rhymney,Labour,"5,863"
Gerard Killen,Gedk,Rutherglen and Hamilton West,Labour,"5,196"
Gill Furniss,GillFurnissMP,"Sheffield, Brightside and Hillsborough",Labour,"4,473"
Gloria De Piero,GloriaDePiero,Ashfield,Labour,"50,544"
Gordon Marsden,GordonMarsden,Blackpool South,Labour,"8,448"
Grahame Morris,grahamemorris,Easington,Labour,"29,662"
Harriet Harman QC,harrietharman,Camberwell and Peckham,Labour,"163,062"
Helen Goodman,HelenGoodmanMP,Bishop Auckland,Labour,"20,279"
Helen Hayes,helenhayes_,Dulwich and West Norwood,Labour,"16,124"
Helen Jones,HelenJonesMP,Warrington North,Labour,"7,931"
Hilary Benn,hilarybennmp,Leeds Central,Labour,"118,425"
Holly Lynch,hollylynch5,Halifax,Labour,"14,881"
Hugh Gaffney,HughGaffneyMP,"Coatbridge, Chryston and Bellshill",Labour,"7,630"
Ian Austin,IanAustinMP,Dudley North,Labour,"25,764"
Ian C. Lucas,IanCLucas,Wrexham,Labour,"13,276"
Ian Lavery,IanLaveryMP,Wansbeck,Labour,"41,593"
Ian Mearns,IanMearnsMP,Gateshead,Labour,"24,105"
Ian Murray,IanMurrayMP,Edinburgh South,Labour,"19,506"
Imran Hussain,Imran_HussainMP,Bradford East,Labour,"13,367"
Ivan Lewis,IvanLewis_MP,Bury South,Labour,"15,538"
Jack Dromey,JackDromeyMP,"Birmingham, Erdington",Labour,"22,272"
James Frith,JamesFrith,Bury North,Labour,"8,723"
Janet Daby,JanetDaby,Lewisham East,Labour,"6,848"
Jeff Smith,JeffSmithetc,"Manchester, Withington",Labour,"8,048"
Jenny Chapman,JennyChapman,Darlington,Labour,"18,711"
Jeremy Corbyn,jeremycorbyn,Islington North,Labour,"1,984,364"
Jess Phillips,jessphillips,"Birmingham, Yardley",Labour,"227,927"
Jessica Morden,jessicamordenmp,Newport East,Labour,"10,213"
Jim Cunningham,jimforcovsouth,Coventry South,Labour,"1,729"
Jim Fitzpatrick,FitzMP,Poplar and Limehouse,Labour,"14,203"
Jim McMahon,JimfromOldham,Oldham West and Royton,Labour,"19,362"
Jo Platt,JoPlattMP,Leigh,Labour,"9,850"
Jo Stevens,JoStevensLabour,Cardiff Central,Labour,"21,657"
John Cryer,JohnCryerMP,Leyton and Wanstead,Labour,"4,125"
John Healey,JohnHealey_MP,Wentworth and Dearne,Labour,"25,069"
John Mann,JohnMannMP,Bassetlaw,Labour,"30,158"
John McDonnell,johnmcdonnellMP,Hayes and Harlington,Labour,"206,055"
John Spellar,spellar,Warley,Labour,"9,572"
John Woodcock,JWoodcockMP,Barrow and Furness,Labour,"40,314"
Jon Cruddas,JonCruddas_1,Dagenham and Rainham,Labour,"18,878"
Jon Trickett,jon_trickett,Hemsworth,Labour,"22,887"
Jonathan Ashworth,JonAshworth,Leicester South,Labour,"59,726"
Jonathan Reynolds,jreynoldsMP,Stalybridge and Hyde,Labour,"36,215"
Judith Cummins,JudithCummins,Bradford South,Labour,"11,270"
Julie Cooper,JulieForBurnley,Burnley,Labour,"7,494"
Julie Elliott,JulieElliottMP,Sunderland Central,Labour,"17,252"
Justin Madders,justinmadders,Ellesmere Port and Neston,Labour,"11,569"
Karen Buck,KarenPBuckMP,Westminster North,Labour,"14,930"
Karen Lee,KarenLeeMP,Lincoln,Labour,"10,139"
Karin Smyth,karinsmyth,Bristol South,Labour,"9,190"
Karl Turner,KarlTurnerMP,Kingston upon Hull East,Labour,"25,219"
Kate Green,KateGreenSU,Stretford and Urmston,Labour,"32,487"
Kate Hoey,KateHoeyMP,Vauxhall,Labour,"63,487"
Kate Hollern,Kate_HollernMP,Blackburn,Labour,"6,251"
Kate Osamor,KateOsamor,Edmonton,Labour,"28,929"
Keir Starmer,Keir_Starmer,Holborn and St Pancras,Labour,"176,236"
Keith Vaz,Keith_Vaz_MP,Leicester East,Labour,0
Kerry McCarthy,KerryMP,Bristol East,Labour,"31,084"
Kevan Jones,KevanJonesMP,North Durham,Labour,"19,203"
Kevin Barron,KevinBarronMP,Rother Valley,Labour,"4,749"
Kevin Brennan,KevinBrennanMP,Cardiff West,Labour,"18,016"
Khalid Mahmood,khalid4PB,"Birmingham, Perry Barr",Labour,"4,047"
Laura Pidcock,LauraPidcockMP,North West Durham,Labour,"56,763"
Laura Smith,LauraSmithMP,Crewe and Nantwich,Labour,"18,603"
Lesley Laird,LesleyLaird,Kirkcaldy and Cowdenbeath,Labour,"4,807"
Liam Byrne,LiamByrneMP,"Birmingham, Hodge Hill",Labour,"32,943"
Lilian Greenwood,LilianGreenwood,Nottingham South,Labour,"25,755"
Lindsay Hoyle,LindsayHoyle_MP,Chorley,Labour,"13,106"
Lisa Forbes,LisaForbes_,Peterborough,Labour,"9,495"
Lisa Nandy,lisanandy,Wigan,Labour,"67,281"
Liz Kendall,leicesterliz,Leicester West,Labour,"89,134"
Liz McInnes,LizMcInnes_MP,Heywood and Middleton,Labour,"15,164"
Liz Twist,LizTwistMP,Blaydon,Labour,"2,304"
Lloyd Russell-Moyle,lloyd_rm,"Brighton, Kemptown",Labour,"21,439"
Louise Ellman,LouiseEllman,"Liverpool, Riverside",Labour,"32,914"
Louise Haigh,LouHaigh,"Sheffield, Heeley",Labour,"31,393"
Lucy Powell,LucyMPowell,Manchester Central,Labour,"45,236"
Luke Pollard,LukePollard,"Plymouth, Sutton and Devonport",Labour,"17,800"
Lyn Brown,lynbrownmp,West Ham,Labour,"10,694"
Madeleine Moon,MadeleineMoon,Bridgend,Labour,"9,166"
Margaret Greenwood,MGreenwoodWW,Wirral West,Labour,"14,645"
Margaret Hodge,margarethodge,Barking,Labour,"39,210"
Maria Eagle,meaglemp,Garston and Halewood,Labour,"45,432"
Marie Rimmer,MarieRimmer,St Helens South and Whiston,Labour,"10,011"
Mark Hendrick,MpHendrick,Preston,Labour,"3,886"
Mark Tami,MarkTamiMP,Alyn and Deeside,Labour,"6,763"
Marsha de Cordova,Marshadecordova,Battersea,Labour,"20,768"
Martin Whitfield,MartWhitfieldMP,East Lothian,Labour,"3,960"
Mary Creagh,MaryCreaghMP,Wakefield,Labour,"39,027"
Mary Glindon,GlindonMary,North Tyneside,Labour,"1,623"
Matt Rodda,MattRodda,Reading East,Labour,"3,946"
Matt Western,MattWestern_,Warwick and Leamington,Labour,"4,849"
Matthew Pennycook,mtpennycook,Greenwich and Woolwich,Labour,"14,706"
Meg Hillier,Meg_HillierMP,Hackney South and Shoreditch,Labour,"16,797"
Melanie Onn,OnnMel,Great Grimsby,Labour,"18,614"
Mike Amesbury,MikeAmesburyMP,Weaver Vale,Labour,"6,900"
Mike Hill,MikeHillMP,Hartlepool,Labour,"2,140"
Mike Kane,MikeKaneMP,Wythenshawe and Sale East,Labour,"9,568"
Mohammad Yasin,yasinmpbedford,Bedford,Labour,"1,354"
Naz Shah,NazShahBfd,Bradford West,Labour,"30,755"
Neil Coyle,coyleneil,Bermondsey and Old Southwark,Labour,"18,602"
Nia Griffith,NiaGriffithMP,Llanelli,Labour,"15,564"
Nic Dakin,NicDakinMP,Scunthorpe,Labour,"16,480"
Nick Smith,BlaenauGwentMP,Blaenau Gwent,Labour,"8,129"
Nick Thomas-Symonds,NickTorfaenMP,Torfaen,Labour,"8,705"
Owen Smith,OwenSmith_MP,Pontypridd,Labour,"75,194"
Pat McFadden,patmcfaddenmp,Wolverhampton South East,Labour,"20,896"
Paul Blomfield,PaulBlomfieldMP,Sheffield Central,Labour,"18,478"
Paul Daniel Williams,PaulWilliamsMP,Stockton South,Labour,"9,923"
Paul Sweeney,PaulJSweeney,Glasgow North East,Labour,"12,908"
Paula Sherriff,paulasherriff,Dewsbury,Labour,"20,211"
Peter Dowd,Peter_Dowd,Bootle,Labour,"11,080"
Peter Kyle,peterkyle,Hove,Labour,"22,588"
Phil Wilson,MPphilwilson,Sedgefield,Labour,"21,336"
Preet Gill,PreetKGillMP,"Birmingham, Edgbaston",Labour,"16,338"
Rachael Maskell,RachaelMaskell,York Central,Labour,"20,307"
Rachel Reeves,RachelReevesMP,Leeds West,Labour,"80,855"
Rebecca Long-Bailey,RLong_Bailey,Salford and Eccles,Labour,"60,062"
Richard Burden,RichardBurdenMP,"Birmingham, Northfield",Labour,"17,566"
Richard Burgon,RichardBurgon,Leeds East,Labour,"66,126"
Roger Godsiff,RogerGodsiff,"Birmingham, Hall Green",Labour,"11,955"
Rosie Cooper,rosie4westlancs,West Lancashire,Labour,"11,240"
Rosie Duffield,RosieDuffield1,Canterbury,Labour,"12,721"
Rushanara Ali,rushanaraali,Bethnal Green and Bow,Labour,"32,750"
Ruth Cadbury,RuthCadbury,Brentford and Isleworth,Labour,"17,987"
Ruth George,RuthGeorge6,High Peak,Labour,"3,116"
Ruth Jones,RuthNewportWest,Newport West,Labour,"3,835"
Ruth Smeeth,RuthSmeeth,Stoke-on-Trent North,Labour,"17,570"
Sandy Martin,sandyofipswich,Ipswich,Labour,"5,620"
Sarah Champion,SarahChampionMP,Rotherham,Labour,"41,109"
Sarah Jones,LabourSJ,Croydon Central,Labour,"12,058"
Seema Malhotra,SeemaMalhotra1,Feltham and Heston,Labour,"22,554"
Shabana Mahmood,ShabanaMahmood,"Birmingham, Ladywood",Labour,"18,788"
Sharon Hodgson,SharonHodgsonMP,Washington and Sunderland West,Labour,"30,855"
Siobhain McDonagh,Siobhain_MP,Mitcham and Morden,Labour,"16,560"
Stella Creasy,stellacreasy,Walthamstow,Labour,"124,600"
Stephanie Peacock,Steph_Peacock,Barnsley East,Labour,"6,715"
Stephen Doughty,SDoughtyMP,Cardiff South and Penarth,Labour,"23,392"
Stephen Hepburn,jarrowstevemp,Jarrow,Labour,"3,972"
Stephen Kinnock,SKinnock,Aberavon,Labour,"24,493"
Stephen Morgan,StephenMorganMP,Portsmouth South,Labour,"6,347"
Stephen Timms,stephenctimms,East Ham,Labour,"14,470"
Stephen Twigg,StephenTwigg,"Liverpool, West Derby",Labour,"36,986"
Steve McCabe,steve_mccabe,"Birmingham, Selly Oak",Labour,"16,193"
Steve Reed,SteveReedMP,Croydon North,Labour,"27,039"
Sue Hayman,SueHayman1,Workington,Labour,"11,297"
Susan Elan Jones,susanelanjones,Clwyd South,Labour,"5,228"
Tanmanjit Singh Dhesi,TanDhesi,Slough,Labour,"15,455"
Teresa Pearce,tpearce003,Erith and Thamesmead,Labour,"11,574"
Thangam Debbonaire,ThangamMP,Bristol West,Labour,"19,220"
Thelma Walker,Thelma_WalkerMP,Colne Valley,Labour,"6,571"
Toby Perkins,tobyperkinsmp,Chesterfield,Labour,"24,348"
Tom Watson,tom_watson,West Bromwich East,Labour,"299,536"
Tonia Antoniazzi,ToniaAntoniazzi,Gower,Labour,"9,546"
Tony Lloyd,tony4rochdale,Rochdale,Labour,"7,337"
Tracy Brabin,TracyBrabin,Batley and Spen,Labour,"25,719"
Tulip Siddiq,TulipSiddiq,Hampstead and Kilburn,Labour,"119,953"
Valerie Vaz,Valerie_VazMP,Walsall South,Labour,"4,862"
Vernon Coaker,Vernon_Coaker,Gedling,Labour,"22,611"
Vicky Foxcroft,vickyfoxcroft,"Lewisham, Deptford",Labour,"13,283"
Virendra Sharma,VirendraSharma,"Ealing, Southall",Labour,"15,778"
Wayne David,WayneDavid_MP,Caerphilly,Labour,"11,650"
Wes Streeting,wesstreeting,Ilford North,Labour,"50,049"
Yasmin Qureshi,YasminQureshiMP,Bolton South East,Labour,"18,405"
Yvette Cooper,YvetteCooperMP,"Normanton, Pontefract and Castleford",Labour,"239,815"
Yvonne Fovargue,Y_FovargueMP,Makerfield,Labour,"10,341"
Alistair Carmichael,amcarmichaelMP,Orkney and Shetland,Liberal Democrat,"14,975"
Christine Jardine,cajardineMP,Edinburgh West,Liberal Democrat,"8,189"
Chuka Umunna,ChukaUmunna,Streatham,Liberal Democrat,"377,933"
Edward Davey,EdwardJDavey,Kingston and Surbiton,Liberal Democrat,"27,095"
Jamie Stone,Jamie4North,"Caithness, Sutherland and Easter Ross",Liberal Democrat,"4,243"
Jo Swinson,joswinson,East Dunbartonshire,Liberal Democrat,"61,503"
Layla Moran,laylamoran,Oxford West and Abingdon,Liberal Democrat,"38,881"
Norman Lamb,normanlamb,North Norfolk,Liberal Democrat,"45,835"
Stephen Lloyd,StephenLloydEBN,Eastbourne,Liberal Democrat,"6,557"
Tim Farron,timfarron,Westmorland and Lonsdale,Liberal Democrat,"294,430"
Tom Brake,thomasbrake,Carshalton and Wallington,Liberal Democrat,"68,025"
Vincent Cable,vincecable,Twickenham,Liberal Democrat,"170,077"
Wera Hobhouse,Wera_Hobhouse,Bath,Liberal Democrat,"13,385"
Ben Lake,BenMLake,Ceredigion,Plaid Cymru,"5,129"
Hywel Williams,HywelPlaidCymru,Arfon,Plaid Cymru,"8,217"
Jonathan Edwards,JonathanPlaid,Carmarthen East and Dinefwr,Plaid Cymru,"11,367"
Liz Saville Roberts,lsrplaid,Dwyfor Meirionnydd,Plaid Cymru,"10,264"
Alan Brown,AlanBrownSNP,Kilmarnock and Loudoun,Scottish National Party,"9,733"
Alison Thewliss,alisonthewliss,Glasgow Central,Scottish National Party,"22,406"
Angela Crawley,AngelaCrawley30,Lanark and Hamilton East,Scottish National Party,"12,292"
Angus MacNeil,AngusMacNeilSNP,Na h-Eileanan an Iar,Scottish National Party,"31,987"
Brendan O'Hara,BrendanOHaraSNP,Argyll and Bute,Scottish National Party,"11,729"
Carol Monaghan,CMonaghanSNP,Glasgow North West,Scottish National Party,"16,791"
Chris Law,ChrisLawSNP,Dundee West,Scottish National Party,"16,139"
Chris Stephens,ChrisStephens,Glasgow South West,Scottish National Party,"13,993"
David Linden,DavidLinden,Glasgow East,Scottish National Party,"8,535"
Deidre Brock,DeidreBrock,Edinburgh North and Leith,Scottish National Party,"12,773"
Douglas Chapman,DougChapmanSNP,Dunfermline and West Fife,Scottish National Party,"11,617"
Dr Lisa Cameron,DrLisaCameronMP,"East Kilbride, Strathaven and Lesmahagow",Scottish National Party,"11,953"
Dr Philippa Whitford,Dr_PhilippaW,Central Ayrshire,Scottish National Party,"21,372"
Drew Hendry,drewhendrySNP,"Inverness, Nairn, Badenoch and Strathspey",Scottish National Party,"11,934"
Gavin Newlands,GavNewlandsSNP,Paisley and Renfrewshire North,Scottish National Party,"10,831"
Hannah Bardell,HannahB4LiviMP,Livingston,Scottish National Party,"19,734"
Ian Blackford,IanBlackfordMP,"Ross, Skye and Lochaber",Scottish National Party,"46,195"
Joanna Cherry QC,joannaccherry,Edinburgh South West,Scottish National Party,"55,516"
John Mc Nally,JohnMcNallyMP,Falkirk,Scottish National Party,"7,561"
Kirsty Blackman,KirstySNP,Aberdeen North,Scottish National Party,"18,237"
Marion Fellows,marionfellows,Motherwell and Wishaw,Scottish National Party,"9,482"
Martin Docherty-Hughes,martinjdocherty,West Dunbartonshire,Scottish National Party,"11,586"
Martyn Day,MartynDaySNP,Linlithgow and East Falkirk,Scottish National Party,"8,757"
Mhairi Black,MhairiBlack,Paisley and Renfrewshire South,Scottish National Party,"159,194"
Neil Gray,NeilGrayMP,Airdrie and Shotts,Scottish National Party,"11,484"
Patricia Gibson,PGibsonSNP,North Ayrshire and Arran,Scottish National Party,"10,652"
Patrick Grady,GradySNP,Glasgow North,Scottish National Party,"13,718"
Pete Wishart,PeteWishart,Perth and North Perthshire,Scottish National Party,"41,562"
Peter Grant,PeterGrantMP,Glenrothes,Scottish National Party,"13,091"
Ronnie Cowan,ronniecowan,Inverclyde,Scottish National Party,"10,425"
Stephen Gethins,StephenGethins,North East Fife,Scottish National Party,"16,455"
Stewart Hosie,StewartHosieSNP,Dundee East,Scottish National Party,"24,937"
Stewart Malcolm McDonald,StewartMcDonald,Glasgow South,Scottish National Party,"25,808"
Stuart C. McDonald,Stuart_McDonald,"Cumbernauld, Kilsyth and Kirkintilloch East",Scottish National Party,"10,451"
Tommy Sheppard,TommySheppard,Edinburgh East,Scottish National Party,"29,166"
Christopher Hazzard,ChrisHazzardSF,South Down,Sinn Fein,"12,187"
Elisha McCallion,ElishaMcC_SF,Foyle,Sinn Fein,"6,409"
Francie Molloy,FrancieMolloy,Mid Ulster,Sinn Fein,"6,443"
Michelle Gildernew,gildernewm,Fermanagh and South Tyrone,Sinn Fein,"15,989"
Mickey Brady,MickeyBradySF,Newry and Armagh,Sinn Fein,"4,102"
Órfhlaith Begley,OrfhlaithBegley,West Tyrone,Sinn Fein,"4,810"
Paul Maskey,PaulMaskeyMP,Belfast West,Sinn Fein,"14,655"
Ann Coffey,anncoffey_mp,Stockport,The Independent Group,"19,805"
Anna Soubry,Anna_Soubry,Broxtowe,The Independent Group,"179,300"
Chris Leslie,ChrisLeslieMP,Nottingham East,The Independent Group,"48,808"
Joan Ryan,joanryanEnfield,Enfield North,The Independent Group,"18,718"
Mike Gapes,MikeGapes,Ilford South,The Independent Group,"40,863"
